{"cameraMode":{"drawMode":0,"name":"Shaded","section":"Shading Mode"},"sceneLighting":true,"audioPlay":false,"sceneViewState":{"showFog":true,"showMaterialUpdate":false,"showSkybox":true,"showFlares":true,"showImageEffects":true,"showParticleSystems":true},"in2DMode":false,"pivot":{"x":1.657642126083374,"y":2.31559157371521,"z":0.39760708808898928},"rotation":{"x":0.021527839824557306,"y":-0.909635603427887,"z":-0.047516610473394397,"w":-0.4121188223361969},"size":4.454705715179443,"orthographic":false}